ISBN,CONCAT
9780753733325 ,491001619129597848443341561923055024007978479804753919230550380049784894717695192300407200497840651567281920979010000978416391116819200930150049784062179812192007101000797840002964411920380012006978430927172919200760180089784774149745192305502580697841030770391910093023000978415207811719100450190069784844365174192207002000197844340361701920040028002978483875310919294760150064910079690988978483993199519230550328049784797324280192005502800497848947116311923004046005978479811892519230550280059784894768710192308002400397845355604751921047026008978410353431019200950130089784152078124191004501900697844781072251922030015009978447806480119200300160029784265820009192804401200397847687011881923041043005978479811468219230550480039784342010408192708201500797847993234271920030013001978478191229519233550880069784048930710192300405000297847890109621920082016005978450280563919223340070079784774172705192305503300997848731176451923055036000978489085527819210820180069784822250256192003401900997847890175031920082016005978434403472319200950140059784845611492192307302300697847683098411920072020005978483474714019294760111149784593504497192879701400297847690200591928797014569978427406570519230410200069784140816585192009801600697844781072491920030017009978415209708819200300160029784047357426192009501000797843449857971920295008804978449231452419200360180009784756138224192300408800597844923138311923033048001978477415464019230550320029784061529267192334103000297847973500051920198009007978415050452619201140074079784480428417192019500620797841011210791920193005509978415050526419201980082089784003500279192012001100997841505047551920145009807978415050527119201980082089784274211317192305505200097841501026231920197006403978430946255419201970065029784295403654192203401380397842961028081920034018002978475721269519200950100079784150505172192013300740297841505045021920111009206978415050449619201110092069784797337952192005503200197841010016921920195006306978400336562519201100090099784480425577192019500760097845340555761922063015007978400005524619200410240034934569357182978428420453819280370130009784478106112192003001600297845340400151922034014008978477415326119230550188089784861370489192037601400797848399506061922076015407978491587292119200950130089784479305910192013000700997847993181261920030010000978415203523319200980300029784046026330192208201500297848163579471922047012008978426210141519200760095019784860088262192009500680297845760821101920097016007978453557475519230810150009784569782065192009501100497843390275181923355028002978479496928619200950180039784620324630192008101400297844781072941920030014008978486113923919200950120019784845633500192009501500297840460413711920030014008978400500343319202870074029784062186988192007101000797842541213911923041098005978475614527719220820180039784062096577192009301600197847973697001920041022009978404600265519220820140059784819700818192207601000697844800716751920295009207978406258181319203220160009784839967130192207601540797848211088931920095015002978442210052419200110160079784422112572192001101400397840473532821920979006805978404735569919209790076049784047350731192097900680597848731173861923055037007978447810551119200330150029784344034082192009501400597840460467891920030014008978408720114719202370070019784774157153192300402880397841505053701920111009206978486394092519200340198019784563024376192334203400997849045366671920000012003978483795746119200300180069784822251550192000402800097845946112241929476014009978447979363219200300160029784816348655192207601200097844780661191920030015005978434498567419202950088049784101800103192019300550997847631312011920030014008978410128807919201930067049784422751184192237601000397840919234481920179006001978400603060519201410080029784101001333192019300362897847973450251920198009502978400603051319201110110019784091923455192017900600197840919234311920179006001978409192342419201790060019784091923417192017900600197844167002111920076014000
1920408018409 ,
9780008167677 ,
1922104023381 ,
9784756921031 ,
1920082021009 ,
9781107632264 ,
9780061129735 ,
1927214019507 ,
9784314011778 ,
1920010013007 ,
9784419063122 ,
1923063021005 ,
9780192736451 ,
9784167910600 ,
1920198008802 ,
9784832241190 ,
1929979008192 ,
9780061997228 ,
9784832242692 ,
1929979008192 ,
9784832244207 ,
1929979008192 ,
9784832246171 ,
1929979008192 ,
9784832247345 ,
1929979008192 ,
9784832248946 ,
1929979008192 ,
9784866512297 ,
1920098012800 ,
9784046043672 ,
1922034014008 ,
9784314005586 ,
1920010012628 ,
9781101904053 ,
1927235021428 ,
1920408033006 ,
9780753553589 ,
9781785042119 ,
9784781618647 ,
1920095017006 ,
9781781259542 ,
1920409020852 ,
9784763137760 ,
1920036016006 ,
9784763137029 ,
1920030016002 ,
9781107474574 ,
9781108711821 ,
1920409065785 ,
9784478107195 ,
1920030018006 ,
9780813228327 ,
9780194748407 ,
419629841343 ,
9784532322403 ,
1920034018002 ,
4910067050800 ,
9781529005370 ,
1921028021961 ,
9781472139955 ,
9781610399500 ,
1920409030004 ,
9784839973599 ,
1922076013403 ,
9781780936802 ,
1920409033371 ,
9784864107693 ,
1920098009008 ,
9784594030193 ,
1920097008385 ,
9784041038697 ,
1920979009806 ,
9784799324462 ,
1920034015001 ,
9784789017121 ,
1920082024000 ,
9782321012405 ,
9780199532179 ,
1920107014801 ,
9780091816971 ,
1920409016404 ,
9784049123562 ,
1920979005808 ,
9784049128307 ,
1920979006201 ,
9784049132908 ,
1920979007000 ,
9780593086339 ,
1920409028803 ,
9784163912394 ,
1920093015004 ,
9780446617680 ,
9780141981802 ,
9780241951224 ,
9780349140438 ,
9780804171588 ,
9781786578488 ,
1921064020409 ,
1920408022000 ,
9780007547999 ,
9784094087642 ,
1920197008001 ,
9781788884099 ,
1920409022115 ,
9783899555745 ,
9780349142258 ,
1920409015292 ,
9780713484649 ,
9780451494085 ,
9781524711795 ,
1927414022505 ,
9781101982853 ,
1920409027202 ,
9780141442259 ,
1927314011531 ,
9781408834831 ,
9780525542742 ,
1927234021962 ,
9780399582578 ,
1927414031231 ,
9780241186091 ,
9781250225610 ,
9781615194070 ,
1927234016050 ,
9780374538446 ,
1920409027202 ,
9781472228062 ,
1920408019802 ,
9781594865138 ,
1927235030000 ,
9784909240002 ,
1920040064000 ,
9781633697225 ,
1920409056004 ,
9780394800011 ,
9780735211735 ,
1920409020807 ,
9780241206546 ,
1927234021436 ,
9781935879947 ,
9782070604142 ,
1924134012571 ,
9780241302019 ,
1920408022000 ,
9780735223134 ,
1920408025605 ,
9780140279566 ,
1920408037400 ,
9780141982410 ,
1920408024202 ,
9780141988511 ,
1927234015480 ,
1920408022000 ,
9780141987392 ,
9780143115267 ,
1920409020807 ,
9780307352156 ,
1920409022405 ,
9781770857544 ,
9780241229453 ,
1920408044002 ,
1922107017158 ,
9780194620147 ,
9780062105240 ,
1920407012002 ,
9780316679077 ,
9780671708269 ,
1927424009107 ,
9784140350683 ,
1920082008000 ,
9780582344587 ,
1920408012001 ,
9780199602919 ,
1920407014808 ,
1920227010004 ,
9780192805027 ,
9780198717683 ,
1920407014808 ,
9780198779551 ,
1920407014808 ,
9780241187296 ,
1920408028606 ,
9784788908055 ,
1920030013001 ,
9780761178972 ,
1927234015664 ,
9781523506644 ,
1927234015923 ,
9781402211867 ,
1927415024539 ,
9781408089026 ,
9781849944557 ,
1922404018681 ,
9784893090195 ,
1928071022334 ,
9780399562204 ,
1927314024609 ,
9780241331149 ,
1927234013578 ,
9784046048165 ,
1920030016002 ,
9780141985756 ,
9780141985015 ,
9780141978048 ,
9780143132462 ,
9780525616399 ,
9781473649521 ,
9780241003435 ,
9780241309216 ,
9780525506348 ,
1923104012481 ,
9784150505608 ,
1920134008002 ,
9784837986614 ,
1920130008907 ,
9784480095947 ,
1920180014002 ,
9780062206190 ,
1920409027202 ,
9780525538585 ,
1920409022405 ,
9784150505233 ,
9784569845975 ,
1920030014008 ,
9784479793052 ,
1920030016002 ,
9780062376589 ,
1920409028803 ,
9781846683817 ,
1927146016599 ,
1920408022000 ,
9780753548295 ,
1920408028804 ,
9780143133438 ,
9780141983769 ,
1927234017255 ,
9784560088692 ,
1923085021007 ,
9784560000403 ,
1923885026004 ,
9780008312701 ,
1922104017984 ,
9780521779746 ,
9780199668700 ,
9780134275253 ,
1920407019001 ,
9780194311434 ,
9780194311878 ,
1922307023348 ,
9780008253219 ,
9780194799027 ,
9780194798778 ,
9780199654505 ,
1920407018202 ,
9780671677275 ,
1920409011201 ,
9780521691987 ,
9780071405607 ,
1922315013621 ,
9784560085141 ,
1923885016005 ,
9784385139265 ,
1920581029001 ,
9780241287286 ,
1922106014479 ,
9780521712668 ,
9780194420983 ,
1920408040585 ,
9780761160915 ,
9784010752937 ,
1920582040005 ,
9781408215333 ,
9781607747307 ,
9780671741907 ,
1922165008174 ,
9780071638036 ,
9780241386682 ,
1920409029961 ,
9780399183799 ,
1927235018909 ,
9780991043606 ,
9781524763138 ,
1920409038000 ,
9780804140836 ,
9781473668393 ,
1927214015080 ,
9781509809950 ,
1920408022000 ,
9784260042277 ,
1923047032003 ,
9780192766694 ,
1924116022932 ,
9780871406736 ,
1927105019456 ,
9780062344014 ,
1920409027202 ,
9784166605149 ,
1920295007500 ,
9780451205360 ,
1920409016008 ,
9780143118435 ,
1920409016602 ,
9784876152100 ,
1920082012007 ,
9784471113117 ,
1922085013005 ,
9781788164740 ,
1927204023538 ,
9784260042352 ,
1923047020000 ,
9780722538074 ,
1920408017600 ,
9784480090102 ,
1920141012009 ,
9784797398892 ,
1920055022606 ,
9784815604424 ,
1920034018002 ,
9784478108277 ,
1920034022009 ,
9783319260921 ,
1920409045626 ,
9781472960979 ,
1927238015189 ,
9781408898949 ,
1927148018584 ,
9780753555422 ,
1920408017600 ,
9780552779050 ,
1920408022000 ,
9784492503102 ,
1923034016009 ,
9780062109392 ,
1920409021606 ,
9780525510314 ,
1928215034445 ,
9780593084199 ,
1920409032008 ,
9780262039253 ,
1920409033005 ,
9781783351305 ,
1920408020709 ,
9781982147211 ,
1927416027522 ,
9780785834199 ,
9781526459381 ,
1920409035245 ,
9780415825641 ,
9780128122754 ,
9780321486813 ,
1920409033203 ,
9780198833444 ,
9781292099477 ,
1920409050996 ,
9780521738330 ,
99902293222000000000000000 ,
978019921681Y0001839,
9780199216819 ,
9784894714366 ,
1923004026007 ,
9780321543721 ,
9780692989043 ,
9780262731034 ,
9780521607650 ,
9780262531412 ,
9780393930436 ,
9780877795506 ,
1922105036236 ,
9781999579500 ,
9780240520209 ,
9781118093757 ,
9783319110790 ,
1920409033241 ,
9789332518414 ,
9780321563842 ,
9780199296347 ,
9780521743853 ,
9780345442727 ,
1920409023303 ,
9781447271475 ,
1920408019802 ,
9780143129363 ,
1927215021424 ,
9780600636007 ,
1925106025650 ,
9781465451545 ,
1922314030681 ,
9780451166470 ,
1920409014004 ,
9780008141639 ,
1920408024202 ,
9781107619500 ,
1927234024734 ,
9780753553237 ,
9781594869914 ,
9780198603825 ,
9780674659964 ,
1920308026528 ,
9780521127295 ,
9781473629325 ,
1928226041258 ,
9781474610711 ,
1927414021430 ,
9784862561596 ,
1920072018002 ,
9780199296682 ,
9784758064927 ,
1920076018008 ,
9784101017518 ,
1920136005900 ,
9780300170825 ,
1920409022115 ,
9780711239784 ,
1920408057507 ,
1920409028803 ,
9780785230113 ,
9780349415864 ,
1920409033036 ,
9780691195926 ,
1920409030356 ,
9781292341637 ,
1920409085806 ,
9780241343814 ,
1920408037400 ,
9780521698528 ,
1920409058541 ,
9780008141653 ,
1922406018139 ,
9784803008708 ,
1920076018008 ,
9780691176543 ,
1920808028220 ,
9784803006636 ,
1920076018008 ,
9784758065269 ,
1920076018008 ,
9780974869490 ,
9781906388294 ,
9780743264747 ,
1928204024785 ,
9781338230895 ,
9781785041273 ,
1920408033006 ,
9784798159508 ,
1922034030008 ,
9784053000828 ,
1920581088008 ,
9780099590088 ,
1928216017256 ,
9780143120537 ,
1928225022142 ,
9780241289327 ,
9781108403528 ,
1920407031904 ,
9781108586627 ,
9784766111071 ,
1923070020008 ,
9784904596111 ,
1922070028007 ,
9781788790901 ,
1920408046006 ,
9781409356592 ,
9780199571123 ,
9784847029134 ,
1920072027004 ,
9784039644909 ,
1920773022001 ,
9784572002150 ,
1928797014002 ,
9781107057135 ,
9780387310732 ,
1920409112328 ,
99906069700000000000000000 ,
978080539046Y0007805,
9780194315197 ,
1922307027438 ,
9780521785129 ,
9780241379844 ,
9781292221229 ,
1920409089217 ,
9781292026558 ,
9780415737142 ,
9781424008254 ,
9784895927710 ,
1923047140005 ,
9781506702162 ,
9781416939597 ,
1924305021586 ,
9780262162098 ,
9780691177793 ,
1920824081605 ,
9781337613927 ,
9784434218484 ,
1923055050006 ,
418302642369 ,
9781438008103 ,
9780007462919 ,
1920408035208 ,
9780500480496 ,
1921034048211 ,
9781465462398 ,
1924114031233 ,
9784774176314 ,
1923055022805 ,
