,ISBN
0,9780753733325
1,9780008167677
2,9784756921031
3,9781107632264
4,9780061129735
5,9784314011778
6,9784419063122
7,9780192736451
8,9784167910600
9,9784832241190
10,9780061997228
11,9784832242692
12,9784832244207
13,9784832246171
14,9784832247345
15,9784832248946
16,9784866512297
17,9784046043672
18,9784314005586
19,9781101904053
20,9780753553589
21,9781785042119
22,9784781618647
23,9781781259542
24,9784763137760
25,9784763137029
26,9781107474574
27,9781108711821
28,9784478107195
29,9780813228327
30,9780194748407
31,9784532322403
32,9781529005370
33,9781472139955
34,9781610399500
35,9784839973599
36,9781780936802
37,9784864107693
38,9784594030193
39,9784041038697
40,9784799324462
41,9784789017121
42,9782321012405
43,9780199532179
44,9780091816971
45,9784049123562
46,9784049128307
47,9784049132908
48,9780593086339
49,9784163912394
50,9780446617680
51,9780141981802
52,9780241951224
53,9780349140438
54,9780804171588
55,9781786578488
56,9780007547999
57,9784094087642
58,9781788884099
59,9783899555745
60,9780349142258
61,9780713484649
62,9780451494085
63,9781524711795
64,9781101982853
65,9780141442259
66,9781408834831
67,9780525542742
68,9780399582578
69,9780241186091
70,9781250225610
71,9781615194070
72,9780374538446
73,9781472228062
74,9781594865138
75,9784909240002
76,9781633697225
77,9780394800011
78,9780735211735
79,9780241206546
80,9781935879947
81,9782070604142
82,9780241302019
83,9780735223134
84,9780140279566
85,9780141982410
86,9780141988511
87,9780141987392
88,9780143115267
89,9780307352156
90,9781770857544
91,9780241229453
92,9780194620147
93,9780062105240
94,9780316679077
95,9780671708269
96,9784140350683
97,9780582344587
98,9780199602919
99,9780192805027
100,9780198717683
101,9780198779551
102,9780241187296
103,9784788908055
104,9780761178972
105,9781523506644
106,9781402211867
107,9781408089026
108,9781849944557
109,9784893090195
110,9780399562204
111,9780241331149
112,9784046048165
113,9780141985756
114,9780141985015
115,9780141978048
116,9780143132462
117,9780525616399
118,9781473649521
119,9780241003435
120,9780241309216
121,9780525506348
122,9784150505608
123,9784837986614
124,9784480095947
125,9780062206190
126,9780525538585
127,9784150505233
128,9784569845975
129,9784479793052
130,9780062376589
131,9781846683817
132,9780753548295
133,9780143133438
134,9780141983769
135,9784560088692
136,9784560000403
137,9780008312701
138,9780521779746
139,9780199668700
140,9780134275253
141,9780194311434
142,9780194311878
143,9780008253219
144,9780194799027
145,9780194798778
146,9780199654505
147,9780671677275
148,9780521691987
149,9780071405607
150,9784560085141
151,9784385139265
152,9780241287286
153,9780521712668
154,9780194420983
155,9780761160915
156,9784010752937
157,9781408215333
158,9781607747307
159,9780671741907
160,9780071638036
161,9780241386682
162,9780399183799
163,9780991043606
164,9781524763138
165,9780804140836
166,9781473668393
167,9781509809950
168,9784260042277
169,9780192766694
170,9780871406736
171,9780062344014
172,9784166605149
173,9780451205360
174,9780143118435
175,9784876152100
176,9784471113117
177,9781788164740
178,9784260042352
179,9780722538074
180,9784480090102
181,9784797398892
182,9784815604424
183,9784478108277
184,9783319260921
185,9781472960979
186,9781408898949
187,9780753555422
188,9780552779050
189,9784492503102
190,9780062109392
191,9780525510314
192,9780593084199
193,9780262039253
194,9781783351305
195,9781982147211
196,9780785834199
197,9781526459381
198,9780415825641
199,9780128122754
200,9780321486813
201,9780198833444
202,9781292099477
203,9780521738330
204,9780199216819
205,9784894714366
206,9780321543721
207,9780692989043
208,9780262731034
209,9780521607650
210,9780262531412
211,9780393930436
212,9780877795506
213,9781999579500
214,9780240520209
215,9781118093757
216,9783319110790
217,9789332518414
218,9780321563842
219,9780199296347
220,9780521743853
221,9780345442727
222,9781447271475
223,9780143129363
224,9780600636007
225,9781465451545
226,9780451166470
227,9780008141639
228,9781107619500
229,9780753553237
230,9781594869914
231,9780198603825
232,9780674659964
233,9780521127295
234,9781473629325
235,9781474610711
236,9784862561596
237,9780199296682
238,9784758064927
239,9784101017518
240,9780300170825
241,9780711239784
242,9780785230113
243,9780349415864
244,9780691195926
245,9781292341637
246,9780241343814
247,9780521698528
248,9780008141653
249,9784803008708
250,9780691176543
251,9784803006636
252,9784758065269
253,9780974869490
254,9781906388294
255,9780743264747
256,9781338230895
257,9781785041273
258,9784798159508
259,9784053000828
260,9780099590088
261,9780143120537
262,9780241289327
263,9781108403528
264,9781108586627
265,9784766111071
266,9784904596111
267,9781788790901
268,9781409356592
269,9780199571123
270,9784847029134
271,9784039644909
272,9784572002150
273,9781107057135
274,9780387310732
275,9780194315197
276,9780521785129
277,9780241379844
278,9781292221229
279,9781292026558
280,9780415737142
281,9781424008254
282,9784895927710
283,9781506702162
284,9781416939597
285,9780262162098
286,9780691177793
287,9781337613927
288,9784434218484
289,9781438008103
290,9780007462919
291,9780500480496
292,9781465462398
293,9784774176314
294,9780805390469
295,9780199216819
296,9784844334156
297,9784798047539
298,9784894717695
299,9784065156728
300,9784163911168
301,9784062179812
302,9784000296441
303,9784309271729
304,9784774149745
305,9784103077039
306,9784152078117
307,9784844365174
308,9784434036170
309,9784838753109
310,9784839931995
311,9784797324280
312,9784894711631
313,9784798118925
314,9784894768710
315,9784535560475
316,9784103534310
317,9784152078124
318,9784478107225
319,9784478064801
320,9784265820009
321,9784768701188
322,9784798114682
323,9784342010408
324,9784799323427
325,9784781912295
326,9784048930710
327,9784789010962
328,9784502805639
329,9784774172705
330,9784873117645
331,9784890855278
332,9784822250256
333,9784789017503
334,9784344034723
335,9784845611492
336,9784768309841
337,9784834747140
338,9784593504497
339,9784769020059
340,9784274065705
341,9784140816585
342,9784478107249
343,9784152097088
344,9784047357426
345,9784344985797
346,9784492314524
347,9784756138224
348,9784492313831
349,9784774154640
350,9784061529267
351,9784797350005
352,9784150504526
353,9784480428417
354,9784101121079
355,9784150505264
356,9784003500279
357,9784150504755
358,9784150505271
359,9784274211317
360,9784150102623
361,9784309462554
362,9784295403654
363,9784296102808
364,9784757212695
365,9784150505172
366,9784150504502
367,9784150504496
368,9784797337952
369,9784101001692
370,9784003365625
371,9784480425577
372,9784534055576
373,9784000055246
374,9784284204538
375,9784478106112
376,9784534040015
377,9784774153261
378,9784861370489
379,9784839950606
380,9784915872921
381,9784479305910
382,9784799318126
383,9784152035233
384,9784046026330
385,9784816357947
386,9784262101415
387,9784860088262
388,9784576082110
389,9784535574755
390,9784569782065
391,9784339027518
392,9784794969286
393,9784620324630
394,9784478107294
395,9784861139239
396,9784845633500
397,9784046041371
398,9784005003433
399,9784062186988
400,9784254121391
401,9784756145277
402,9784062096577
403,9784797369700
404,9784046002655
405,9784819700818
406,9784480071675
407,9784062581813
408,9784839967130
409,9784821108893
410,9784422100524
411,9784422112572
412,9784047353282
413,9784047355699
414,9784047350731
415,9784873117386
416,9784478105511
417,9784344034082
418,9784046046789
419,9784087201147
420,9784774157153
421,9784150505370
422,9784863940925
423,9784563024376
424,9784904536667
425,9784837957461
426,9784822251550
427,9784594611224
428,9784479793632
429,9784816348655
430,9784478066119
431,9784344985674
432,9784101800103
433,9784763131201
434,9784101288079
435,9784422751184
436,9784091923448
437,9784006030605
438,9784101001333
439,9784797345025
440,9784006030513
441,9784091923455
442,9784091923431
443,9784091923424
444,9784091923417
445,9784416700211
